Sn.,Room No.,Car No.
1,C-9/001,5I-2310
2,C-9/003,5I-5202
3,C-9/005,4L-7639
4,C-9/006,5C-3892
5,C-9/101,9C-7385
6,C-9/102,5J-5000
7,C-9/103,5M-2396
8,C-9/105,2T-6992
9,C-9/106,5S-4854
10,C-9/106,6S-3165
11,C-9/202,4R-1370
12,C-9/202,6H-1092
13,C-9/203,6Q-8344
14,C-9/301,3E-2194
15,C-9/303,3D-4280
16,C-9/304,7H-1811
17,C-9/305,2I-8527
18,C-9/401,6H-2783
19,C-9/403,2I-2086
20,C-9/404,4J-8927
21,C-9/501,9E-3776
22,C-9/503,6K-5691
23,C-9/504,5I-8362
24,C-9/507,7G-1700
25,C-9/507,1D-4886
26,C-9/601,6S-3387
27,C-9/701,5R-4311
28,C-9/703,6J-6119
29,C-9/703,7E-3978
30,C-9/704,2S-8663
31,C-9/705,8I-2700
32,C-9/708,7J-1062
33,C-9/801,7D-9557
34,C-9/805,4M-1217
35,C-9/806,8I-4017
36,C-9/1001,9R-8422
37,C-9/1005,4J-4973
38,C-9/1008,9F-9978
39,C-9/1101,2S-4526
1,C-10/001,"4S - 8930
"
,C-10/001,AA-2258
2,C-10/002,-
3,C-10/003,6Q - 7553
4,C-10/004,-
5,C-10/005,-
6,C-10/006,"3K-4143
"
,C-10/006,5Q - 9672
7,C-10/007,2K - 3225
8,C-10/008,3H - 4320
9,C-10/107,EE-1983
10,C-10/108,7I - 4507
,C-10/108,1I - 9870
11,C-10/206,"9I - 7390
"
,C-10/206,1E - 6134
,C-10/206,FF - 6393
12,C-10/208,7Q - 8432
13,C-10/301,3G - 4716
,C-10/301,2E - 1669
14,C-10/302,-
15,C-10/303,9J - 4155
16,C-10/304,HH-5680
17,C-10/305,DD-8762
,C-10/305,5A - 4543
18,C-10/306,1D - 9065
,C-10/306,4H - 6643
,C-10/306,8I - 9315
19,C-10/307,6K - 5319
,C-10/307,6S - 4354
20,C-10/308,FF - 1132
,C-10/308,9D - 3367
21,C-10/405,1M - 9248
,C-10/405,1I - 7509
,C-10/405,1D - 5914
22,C-10/408,6K - 2705
23,C-10/501,4C - 4687
24,C-10/502,AA - 2105
25,C-10/505,3I - 8181
26,C-10/508,5S - 7044
27,C-10/601,3Q - 5466
,C-10/601,1F - 8553
28,C-10/606,3P - 4183
29,C-10/701,3S - 5339
,C-10/701,4F - 1717
30,C-10/702,5S - 6781
,C-10/702,1K - 4911
31,C-10/704,6S - 6128
32,C-10/705,3Q - 2379
33,C-10/706,3M-3636
34,C-10/802,2E - 2773
35,C-10/803,EE - 9995
36,C-10/806,1R - 5218
,C-10/806,3E - 1949
37,C-10/807,6H - 1492
38,C-10/808,2I - 1349
39,C-10/901,4B - 1053
,C-10/901,2D - 8461
40,C-10/905,4N - 4219
41,C-10/907,2T-3277
42,C-10/1001,5S - 6831
,C-10/1001,4R - 7840
43,C-10/1002,2G-3279
44,C-10/1003,4E - 3680
45,C-10/1007,7G - 9492
46,C-10/1101,1S - 8234
,C-10/1101,5D - 6518
47,C-10/1102,9J - 1989
48,C-10/1104,6K - 2383
,C-10/1104,3S - 1598
49,C-10/1105,1P - 3446
50,C-10/1106,7K - 5498
51,C-10/1108,7Q - 6958
,C-10/1108,3S - 5624
1,C-11/401,2S-8942
2,C-11/704,7C-4075
3,C-11/708,9H-7961
4,C-11/408,9K-1717
5,C-11/802,2L-7891
6,C-11/003,1G-2356
7,C-11/503,4P-7357
8,C-11/100,6I-5862
9,C-11/100,5K-5228
10,C-11/207,5I-4837
11,C-11/207,6S-7643
12,C-11/207,4Q-1966
13,C-11/907,4S-8994
14,C-11/907,9R-2177
15,C-11/907,7L-8738
16,C-11/403,4D-7590
17,C-11/101,2J-2102
18,C-11/502,7R-1103
19,C-11/208,6Q-8344
20,C-11/302,2R-5464
21,C-11/302,6S-5286
22,C-11/602,9C-3686
23,C-11/602,3J-4590
24,C-11/905,9D-5447
25,C-11/107,4S-5079
26,C-11/402,5J-6632
27,C-11/1105,6H-1515
28,C-11/808,7I-3314
29,C-11/206,3D-4872
30,C-11/206,3K-1785
31,C-11/004,2S-9646
32,C-11/005,1E-5909
33,C-11/407,1S-9146
34,C-11/1003,9E-2915
35,C-11/508,9E-3339
36,C-11/303,9E-7184
37,C-11/001,3I-8750
38,C-11/904,3S-6105
39,C-11/406,5I-6225
40,C-11/406,5G-1184
41,C-11/406,9H-9759
42,C-11/406,9M-5997
43,C-11/605,9Q-7528
44,C-11/605,9K-6049
45,C-11/605,8J-7855
46,C-11/605,1H-8631
47,C-11/604,4R-3799
48,C-11/604,1S-2149
49,C-11/708,1L-1725
50,C-11/708,5D-5756
1,C-15/001,7C-8813
,C-15/001,7S-7771
,C-15/001,6GF-4868
,C-15/001,1Q-9696
,C-15/001,4H-9915
2,C-15/003,4H-9260
3,C-15/006,9F-4500
4,C-15/101,2S-6085
,C-15/101,9F-2135
,C-15/101,5I-5959
5,C-15/102,5R-2784
6,C-15/104,5S-6074
,C-15/104,9G-9424
7,C-15/105,5S-7882
,C-15/105,6S-7485
8,C-15/106,4K-6622
9,C-15/202,2Q-3006
10,C-15/301,4I-6532
11,C-15/302,5J-3911
12,C-15/401,3R-4016
,C-15/401,7R-8740
,C-15/401,6K-4847
,C-15/401,2R-9557
13,C-15/403,5Q-6144
14,C-15/404,1I-3545
15,C-15/407,1L-3720
,C-15/407,7C-2536
,C-15/407,2Q-5801
16,C-15/408,2S-1511
17,C-15/501,3H-6576
18,C-15/502,5J-8378
19,C-15/503,2M-7961
20,C-15/506,DD-5046
21,C-15/507,DD-4844
22,C-15/605,1N-8815
23,C-15/606,5E-7853
24,C-15/608,6F-8722
,C-15/608,4C-5857
,C-15/608,2R-7438
25,C-15/703,4K-5375
26,C-15/706,2G-9994
27,C-15/708,5R-3863
,C-15/708,2E-7267
28,C-15/804,1F-4929
,C-15/804,4I-7879
,C-15/804,3E-1122
29,C-15/805,1Q-8896
30,C-15/903,2M-3690
31,C-15/907,2H-7856
,C-15/907,9Q-9739
32,C-15/908,5E-5525
33,C-15/1001,2E-8752
34,C-15/1004,6H-5201
,C-15/1004,4E-6254
35,C-15/1006,2L-9748
,C-15/1006,6G-1530
36,C-15/1103,8I-7535
37,C-15/1104,1K-7436
,C-15/1104,2S-1957
1,C-16/001,1N-4903
2,C-16/002,6H-5132
3,C-16/005,3E-3800
4,C-16/006,8H-8175
5,C-16/101,4K-7063
6,C-16/105,5D-8571
7,C-16/107,BB-4446
8,C-16/108,9J-5815
,C-16/108,7Q-4471
9,C-16/202,1G-2752
10,C-16/204,3H-3542
11,C-16/205,4G-8105
12,C-16/206,9Q-4011
,C-16/206,2R-5430
13,C-16/207,1E-5972
,C-16/207,GG-8703
14,C-16/208,9J-8873
,C-16/208,2J-2523
,C-16/208,1G-9393
15,C-16/305,4P-4878
16,C-16/306,5R-4861
,C-16/306,3I-1420
17,C-16/308,6M-7911
18,C-16/407,1I-4553
19,C-16/501,7F-6479
,C-16/501,AA-7070
20,C-16/506,3S-5280
21,C-16/602,2F-1568
22,C-16/603,6L-7592
23,C-16/604,2F-7693
24,C-16/605,7S-2292
25,C-16/607,7K-3855
26,C-16/804,1H-8996
27,C-16/805,5P-4988
,C-16/805,3M-9822
,C-16/805,9N-5061
28,C-16/807,1J-6794
29,C-16/901,4L-7547
30,C-16/902,9Q-7910
31,C-16/903,9H-2647
32,C-16/905,2S-7162
33,C-16/906,2J-3084
,C-16/906,BB-7252
34,C-16/907,2N-9726
35,C-16/908,4N-6771
36,C-16/1003,5N-8562
37,C-16/1004,6L-9081
38,C-16/1005,7F-5502
39,C-16/1006,2G-1389
,C-16/1006,1L-5382
40,C-16/1007,9B-1204
,C-16/1007,5H-7070
,C-16/1007,7Q-5912
,C-16/1007,9C-6343
41,C-16/1101,2N-1068
,C-16/1101,1P-6720
,C-16/1101,9P-3526
42,C-16/1102,1K-3297
43,C-16/1103,3R-8749
44,C-16/1108,1G-3932
1,D-1/101,CC - 5770
2,D-1/203,AA - 1604
3,D-1/301,1F-7025
,D-1/301,1G - 7380
4,D-1/304,2I-8352
5,D-1/305,AA - 7739
6,D-1/306,6I - 9692
7,D-1/401,AA - 1025
8,D-1/403,6M - 6214
9,D-1/405,3K - 8975
10,D-1/407,1L-7190
11,D-1/501,2R - 4785
12,D-1/502,GG - 6067
13,D-1/504,3H - 3926
14,D-1/506,6G-1812
15,D-1/507,3F - 4769
,D-1/507,6G - 7287
16,D-1/701,5E-5562
17,D-1/704,6S - 6144
18,D-1/707,4R - 1370
,D-1/707,6H - 1092
1,D-2/103,CC-8446
2,D-2/202,6G-7763
3,D-2/203,1Q-1991
4,D-2/204,GG-7083
5,D-2/403,7H-4585
6,D-2/506,6S-4495
7,D-2/601,3G-3643
8,D-2/604,7G-1204
9,D-2/608,3S-5560
10,D-2/702,BB-7283
11,D-2/705,6S-5803
12,D-2/707,9J-8798
